/*
SQLyog Ultimate v11.11 (64 bit)
MySQL - 5.7.25 : Database - crm
*********************************************************************
*/

/*!40101 SET NAMES utf8 */;

/*!40101 SET SQL_MODE=''*/;

/*!40014 SET @OLD_UNIQUE_CHECKS=@@UNIQUE_CHECKS, UNIQUE_CHECKS=0 */;
/*!40014 SET @OLD_FOREIGN_KEY_CHECKS=@@FOREIGN_KEY_CHECKS, FOREIGN_KEY_CHECKS=0 */;
/*!40101 SET @OLD_SQL_MODE=@@SQL_MODE, SQL_MODE='NO_AUTO_VALUE_ON_ZERO' */;
/*!40111 SET @OLD_SQL_NOTES=@@SQL_NOTES, SQL_NOTES=0 */;
CREATE DATABASE /*!32312 IF NOT EXISTS*/`crm` /*!40100 DEFAULT CHARACTER SET utf8 */;

USE `crm`;

/*Table structure for table `base_dict` */

DROP TABLE IF EXISTS `base_dict`;

CREATE TABLE `base_dict` (
  `dict_id` varchar(32) NOT NULL COMMENT '数据字典id(主键)',
  `dict_type_code` varchar(10) NOT NULL COMMENT '数据字典类别代码',
  `dict_type_name` varchar(64) NOT NULL COMMENT '数据字典类别名称',
  `dict_item_name` varchar(64) NOT NULL COMMENT '数据字典项目名称',
  `dict_item_code` varchar(10) DEFAULT NULL COMMENT '数据字典项目(可为空)',
  `dict_sort` int(10) DEFAULT NULL COMMENT '排序字段',
  `dict_enable` char(1) NOT NULL COMMENT '1:使用 0:停用',
  `dict_memo` varchar(64) DEFAULT NULL COMMENT '备注',
  PRIMARY KEY (`dict_id`)
) ENGINE=InnoDB DEFAULT CHARSET=utf8;

/*Data for the table `base_dict` */

insert  into `base_dict`(`dict_id`,`dict_type_code`,`dict_type_name`,`dict_item_name`,`dict_item_code`,`dict_sort`,`dict_enable`,`dict_memo`) values ('1','001','客户行业','教育培训 ',NULL,1,'1',NULL),('10','003','公司性质','民企',NULL,3,'1',NULL),('12','004','年营业额','1-10万',NULL,1,'1',NULL),('13','004','年营业额','10-20万',NULL,2,'1',NULL),('14','004','年营业额','20-50万',NULL,3,'1',NULL),('15','004','年营业额','50-100万',NULL,4,'1',NULL),('16','004','年营业额','100-500万',NULL,5,'1',NULL),('17','004','年营业额','500-1000万',NULL,6,'1',NULL),('18','005','客户状态','基础客户',NULL,1,'1',NULL),('19','005','客户状态','潜在客户',NULL,2,'1',NULL),('2','001','客户行业','电子商务',NULL,2,'1',NULL),('20','005','客户状态','成功客户',NULL,3,'1',NULL),('21','005','客户状态','无效客户',NULL,4,'1',NULL),('22','006','客户级别','普通客户',NULL,1,'1',NULL),('23','006','客户级别','VIP客户',NULL,2,'1',NULL),('24','007','商机状态','意向客户',NULL,1,'1',NULL),('25','007','商机状态','初步沟通',NULL,2,'1',NULL),('26','007','商机状态','深度沟通',NULL,3,'1',NULL),('27','007','商机状态','签订合同',NULL,4,'1',NULL),('3','001','客户行业','对外贸易',NULL,3,'1',NULL),('30','008','商机类型','新业务',NULL,1,'1',NULL),('31','008','商机类型','现有业务',NULL,2,'1',NULL),('32','009','商机来源','电话营销',NULL,1,'1',NULL),('33','009','商机来源','网络营销',NULL,2,'1',NULL),('34','009','商机来源','推广活动',NULL,3,'1',NULL),('4','001','客户行业','酒店旅游',NULL,4,'1',NULL),('5','001','客户行业','房地产',NULL,5,'1',NULL),('6','002','客户信息来源','电话营销',NULL,1,'1',NULL),('7','002','客户信息来源','网络营销',NULL,2,'1',NULL),('8','003','公司性质','合资',NULL,1,'1',NULL),('9','003','公司性质','国企',NULL,2,'1',NULL);

/*Table structure for table `cst_customer` */

DROP TABLE IF EXISTS `cst_customer`;

CREATE TABLE `cst_customer` (
  `cust_id` bigint(32) NOT NULL AUTO_INCREMENT COMMENT '客户编号(主键)',
  `cust_name` varchar(32) NOT NULL COMMENT '客户名称(公司名称)',
  `cust_source` varchar(32) DEFAULT NULL COMMENT '客户信息来源',
  `cust_industry` varchar(32) DEFAULT NULL COMMENT '客户所属行业',
  `cust_level` varchar(32) DEFAULT NULL COMMENT '客户级别',
  `cust_phone` varchar(64) DEFAULT NULL COMMENT '固定电话',
  `cust_mobile` varchar(16) DEFAULT NULL COMMENT '移动电话',
  `cust_image` varchar(255) DEFAULT NULL,
  PRIMARY KEY (`cust_id`),
  KEY `FKeh5g36duab8g1h051pdjfwcgd` (`cust_source`),
  KEY `FK2xhr3arwp3tkuae1da4lqv352` (`cust_industry`),
  KEY `FKrty52nvbjg1echf0se39eng49` (`cust_level`),
  CONSTRAINT `FK2xhr3arwp3tkuae1da4lqv352` FOREIGN KEY (`cust_industry`) REFERENCES `base_dict` (`dict_id`),
  CONSTRAINT `FK_cst_customer_0001` FOREIGN KEY (`cust_source`) REFERENCES `base_dict` (`dict_id`),
  CONSTRAINT `FK_cst_customer_0002` FOREIGN KEY (`cust_industry`) REFERENCES `base_dict` (`dict_id`),
  CONSTRAINT `FK_cst_customer_0003` FOREIGN KEY (`cust_level`) REFERENCES `base_dict` (`dict_id`),
  CONSTRAINT `FKeh5g36duab8g1h051pdjfwcgd` FOREIGN KEY (`cust_source`) REFERENCES `base_dict` (`dict_id`),
  CONSTRAINT `FKrty52nvbjg1echf0se39eng49` FOREIGN KEY (`cust_level`) REFERENCES `base_dict` (`dict_id`)
) ENGINE=InnoDB AUTO_INCREMENT=14 DEFAULT CHARSET=utf8;

/*Data for the table `cst_customer` */

insert  into `cst_customer`(`cust_id`,`cust_name`,`cust_source`,`cust_industry`,`cust_level`,`cust_phone`,`cust_mobile`,`cust_image`) values (1,'侯亚敏','6','1','22','15626','2542266',NULL),(2,'小红','6','2','22','12124','1254',NULL),(3,'小绿','6','2','23','12423','35214424',NULL),(4,'小芳','6','2','23','3543635','32453245',NULL),(5,'张爱霞','7','3','23','23521','54634',NULL),(6,'神兽','7','3','23','3235234','43263245',NULL),(7,'是德国','6','3','22','334234','2345234',NULL),(8,'亚历山大老鹰','7','2','23','233452','23423424',NULL),(10,'高度风格化','6','1','22','545462','2345645','C:/upload/5/0/9bbba552312046fcb06d40bbd16b115a.jpg'),(12,'哆啦改变','6','2','22','1561','1414','C:/upload/9/0/9f56e238bbaa42809d39db6618c4771b.png'),(13,'张亚敏','7','2','22','322342','23445234',NULL);

/*Table structure for table `cst_linkman` */

DROP TABLE IF EXISTS `cst_linkman`;

CREATE TABLE `cst_linkman` (
  `lkm_id` bigint(32) NOT NULL AUTO_INCREMENT COMMENT '联系人编号(主键)',
  `lkm_name` varchar(16) DEFAULT NULL COMMENT '联系人姓名',
  `lkm_cust_id` bigint(32) DEFAULT NULL COMMENT '客户id',
  `lkm_gender` char(1) DEFAULT NULL COMMENT '联系人性别',
  `lkm_phone` varchar(16) DEFAULT NULL COMMENT '联系人办公电话',
  `lkm_mobile` varchar(16) DEFAULT NULL COMMENT '联系人手机',
  `lkm_email` varchar(64) DEFAULT NULL COMMENT '联系人邮箱',
  `lkm_qq` varchar(16) DEFAULT NULL COMMENT '联系人qq',
  `lkm_position` varchar(16) DEFAULT NULL COMMENT '联系人职位',
  `lkm_memo` varchar(512) DEFAULT NULL COMMENT '联系人备注',
  PRIMARY KEY (`lkm_id`),
  KEY `FK_cst_linkman_lkm_cust_id` (`lkm_cust_id`),
  CONSTRAINT `FK_cst_linkman_lkm_cust_id` FOREIGN KEY (`lkm_cust_id`) REFERENCES `cst_customer` (`cust_id`) ON DELETE NO ACTION ON UPDATE NO ACTION,
  CONSTRAINT `FKh9yp1nql5227xxcopuxqx2e7q` FOREIGN KEY (`lkm_cust_id`) REFERENCES `cst_customer` (`cust_id`)
) ENGINE=InnoDB AUTO_INCREMENT=7 DEFAULT CHARSET=utf8;

/*Data for the table `cst_linkman` */

insert  into `cst_linkman`(`lkm_id`,`lkm_name`,`lkm_cust_id`,`lkm_gender`,`lkm_phone`,`lkm_mobile`,`lkm_email`,`lkm_qq`,`lkm_position`,`lkm_memo`) values (1,'小凤',1,'2','15625','445654','nb@l63.com','423423532','总管',NULL),(2,'如花',1,'1','3232','34235','lxdstrive@163.com','4343434','经理',NULL),(4,'是个',5,'1','4453','3456','345345gsha','43453',NULL,NULL),(5,'梵蒂冈',3,'2','434','434','45fgdg','534',NULL,NULL),(6,'小小侯亚敏',1,'2','123','123','123@qq.com','123421','经理','卖');

/*Table structure for table `sys_user` */

DROP TABLE IF EXISTS `sys_user`;

CREATE TABLE `sys_user` (
  `user_id` bigint(20) NOT NULL AUTO_INCREMENT,
  `user_code` varchar(255) DEFAULT NULL,
  `user_name` varchar(255) DEFAULT NULL,
  `user_password` varchar(255) DEFAULT NULL,
  `user_state` varchar(255) DEFAULT NULL,
  PRIMARY KEY (`user_id`)
) ENGINE=InnoDB AUTO_INCREMENT=4 DEFAULT CHARSET=utf8;

/*Data for the table `sys_user` */

insert  into `sys_user`(`user_id`,`user_code`,`user_name`,`user_password`,`user_state`) values (1,'zwx','张文霞','202cb962ac59075b964b07152d234b70','1'),(2,'lxd','刘旭东','202cb962ac59075b964b07152d234b70','1'),(3,'zzc','郑占春','202cb962ac59075b964b07152d234b70','1');

/*!40101 SET SQL_MODE=@OLD_SQL_MODE */;
/*!40014 SET FOREIGN_KEY_CHECKS=@OLD_FOREIGN_KEY_CHECKS */;
/*!40014 SET UNIQUE_CHECKS=@OLD_UNIQUE_CHECKS */;
/*!40111 SET SQL_NOTES=@OLD_SQL_NOTES */;
